student_id,subject_code,subject_name,ai_score,priority,reason
HS111,CS301,Thuật toán,0.8975,5,Môn học phù hợp với năng lực (AI Score: 0.90)
HS111,HIST201,Lịch sử thế giới,0.843,1,Môn học phù hợp với năng lực (AI Score: 0.84)
HS111,BIO201,Di truyền học,0.6937,3,Môn học phù hợp với năng lực (AI Score: 0.69)
HS111,CS201,Cấu trúc dữ liệu,0.6453,4,Môn học phù hợp với năng lực (AI Score: 0.65)
HS111,MKT101,Marketing cơ bản,0.5313,6,Môn học phù hợp với năng lực (AI Score: 0.53)
HS111,ENG201,Viết học thuật,0.4893,2,Môn học phù hợp với năng lực (AI Score: 0.49)
