{
  "features": [
    "grade_score",
    "attendance_rate",
    "homework_completion",
    "semester",
    "year",
    "subject_name",
    "category",
    "credits",
    "difficulty_level",
    "prerequisites",
    "major",
    "career_path",
    "learning_style",
    "interests",
    "goals",
    "student_avg_grade",
    "difficulty_numeric",
    "completion_rate"
  ],
  "target": "ai_score",
  "metrics": {
    "train_r2": -2.1633664572862088e-05,
    "test_r2": 0.0,
    "test_mae": 0.24522667859596634,
    "test_rmse": 0.24522667859596634
  }
}